{
  "n_compounds": 861,
  "n_features": 6,
  "desc_names": [
    "MW",
    "logP",
    "HBA",
    "HBD",
    "RotB",
    "TPSA"
  ],
  "feature_importances": {
    "MW": 0.1456749588251114,
    "logP": 0.27527087926864624,
    "HBA": 0.1221977174282074,
    "HBD": 0.17431925237178802,
    "RotB": 0.13175252079963684,
    "TPSA": 0.1507846564054489
  },
  "cv_r2_mean": 0.4810958522558934,
  "cv_r2_std": 0.0642263170864623,
  "cv_rmse_mean": 1.0854232103034893,
  "cv_mae_mean": 0.8395255798139445,
  "cv_fold_scores": [
    0.4122373584667146,
    0.5520265180290648,
    0.48902180904597037,
    0.5493758620919431,
    0.402817713645774
  ],
  "train_r2": 0.8977470070387675,
  "train_rmse": 0.48583651956940754,
  "train_mae": 0.372850464201104,
  "y_randomization": {
    "n_iterations": 200,
    "mean_r2": -0.23242882785742466,
    "std_r2": 0.04382625082662281,
    "max_r2": -0.1221316749419243
  },
  "external_test": {
    "test_size": 173,
    "r2": 0.40053719696317325,
    "rmse": 1.060295575798814,
    "mae": 0.841286048108603
  },
  "applicability_domain": {
    "h_star": 0.020905923344947737,
    "n_high_leverage": 45,
    "n_outliers": 4,
    "n_both": 0,
    "coverage_pct": 100.0
  }
}